{
	"format_version": "1.8.0",
	"animations": {
		"idle": {
			"animation_length": 8,
			"bones": {
				"rarm": {
					"rotation": {
						"0.0": [0, 0, 0],
						"3.0": [-65, 0, 0],
						"7.0417": [0, 0, 0]
					}
				},
				"larm": {
					"rotation": {
						"0.75": [0, 0, 0],
						"1.25": [-63.74618, -27.79687, 43.39482],
						"1.5": [-66.50086, 11.07893, 61.1242],
						"6.25": [0, 0, 0]
					}
				},
				"head": {
					"relative_to": {
						"rotation": "entity"
					},
					"rotation": {
						"0.0": [0, 0, 0.01],
						"0.7917": [-0.7522, -3, 20],
						"1.5": [25, -3, 20],
						"6.0": [180, 90, 180],
						"8.0": [180, 180, 180]
					}
				}
			}
		},
		"hurt": {
			"animation_length": 0.5,
			"bones": {
				"rleg": {
					"rotation": {
						"0.0": [0, 0, 0],
						"0.125": [-75, 0, 0],
						"0.375": [75, 0, 0],
						"0.5": [0, 0, 0]
					}
				},
				"rarm": {
					"rotation": {
						"0.0": [0, 0, 0],
						"0.125": [75, 0, 0],
						"0.375": [-75, 0, 0],
						"0.5": [0, 0, 0]
					}
				},
				"larm": {
					"rotation": {
						"0.0": [0, 0, 0],
						"0.125": [-75, 0, 0],
						"0.375": [75, 0, 0],
						"0.5": [0, 0, 0]
					}
				},
				"lleg": {
					"rotation": {
						"0.0": [0, 0, 0],
						"0.125": [75, 0, 0],
						"0.375": [-75, 0, 0],
						"0.5": [0, 0, 0]
					}
				},
				"head": {
					"rotation": {
						"0.0": [0, 0, 0],
						"0.125": [22.5, 0, 0],
						"0.375": [-22.5, 0, 0],
						"0.5": [0, 0, 0]
					}
				}
			}
		},
		"attack": {
			"animation_length": 0.5,
			"bones": {
				"rarm": {
					"rotation": {
						"0.0": [0, 0, 0],
						"0.25": [-90, 0, 0],
						"0.5": [0, 0, 0]
					}
				},
				"larm": {
					"rotation": {
						"0.0": [0, 0, 0],
						"0.25": [-90, 0, 0],
						"0.5": [0, 0, 0]
					}
				},
				"head": {
					"rotation": {
						"0.0": [0, 0, 0],
						"0.125": [90, 45, 0],
						"0.25": [-90, 45, 0],
						"0.5": [0, 0, 0]
					}
				}
			}
		},
		"walk": {
			"animation_length": 0.5,
			"bones": {
				"rleg": {
					"rotation": {
						"0.0": [0, 0, 0],
						"0.125": [-75, 0, 0],
						"0.375": [75, 0, 0],
						"0.5": [0, 0, 0]
					}
				},
				"rarm": {
					"rotation": {
						"0.0": [0, 0, 0],
						"0.125": [75, 0, 0],
						"0.375": [-75, 0, 0],
						"0.5": [0, 0, 0]
					}
				},
				"larm": {
					"rotation": {
						"0.0": [0, 0, 0],
						"0.125": [-75, 0, 0],
						"0.375": [75, 0, 0],
						"0.5": [0, 0, 0]
					}
				},
				"lleg": {
					"rotation": {
						"0.0": [0, 0, 0],
						"0.125": [75, 0, 0],
						"0.375": [-75, 0, 0],
						"0.5": [0, 0, 0]
					}
				}
			}
		}
	}
}